<TICKER>,<PER>,<DATE>,<TIME>,<OPEN>,<HIGH>,<LOW>,<CLOSE>,<VOL>
GDAX.ETH-USD,60,20200801,010000,345.6100000,349.7400000,344.9400000,347.8300000,10073
GDAX.ETH-USD,60,20200801,020000,347.8200000,348.3900000,344.0400000,344.1200000,8297
GDAX.ETH-USD,60,20200801,030000,344.0700000,346.9900000,343.2300000,346.8600000,7456
GDAX.ETH-USD,60,20200801,040000,346.8600000,347.9900000,344.1100000,344.4900000,6814
GDAX.ETH-USD,60,20200801,050000,344.5400000,346.7800000,343.7500000,345.8200000,5416
GDAX.ETH-USD,60,20200801,060000,345.8300000,348.0000000,345.4400000,346.9700000,6114
GDAX.ETH-USD,60,20200801,070000,346.9700000,353.1600000,345.7800000,352.5800000,13728
GDAX.ETH-USD,60,20200801,080000,352.6100000,355.2500000,350.5400000,354.3600000,13880
GDAX.ETH-USD,60,20200801,090000,354.3100000,358.6900000,353.8500000,356.2200000,15576
GDAX.ETH-USD,60,20200801,100000,356.2100000,358.0000000,355.0000000,356.4200000,8048
GDAX.ETH-USD,60,20200801,110000,356.3800000,356.9200000,354.1300000,355.2500000,5883
GDAX.ETH-USD,60,20200801,120000,355.2500000,357.6400000,355.2400000,357.1800000,6328
GDAX.ETH-USD,60,20200801,130000,357.1800000,360.8200000,356.2200000,359.7000000,7098
GDAX.ETH-USD,60,20200801,140000,359.7000000,360.2000000,351.7000000,355.2100000,8614
GDAX.ETH-USD,60,20200801,150000,355.2300000,356.7900000,353.3500000,356.5300000,4010
GDAX.ETH-USD,60,20200801,160000,356.5300000,357.7600000,355.8900000,357.4900000,6960
GDAX.ETH-USD,60,20200801,170000,357.3500000,357.4300000,352.9500000,353.9500000,7488
GDAX.ETH-USD,60,20200801,180000,353.9600000,357.4200000,353.6300000,356.6000000,5047
GDAX.ETH-USD,60,20200801,190000,356.5600000,358.5000000,356.0000000,358.4000000,6525
GDAX.ETH-USD,60,20200801,200000,358.3900000,364.5000000,358.0600000,362.7200000,17901
GDAX.ETH-USD,60,20200801,210000,362.7400000,374.2700000,362.7200000,374.1200000,27883
GDAX.ETH-USD,60,20200801,220000,374.1200000,374.3900000,367.2000000,372.3000000,15762
GDAX.ETH-USD,60,20200801,230000,372.3100000,389.8100000,372.3100000,384.5100000,45530
GDAX.ETH-USD,60,20200802,000000,384.3500000,388.7700000,383.1800000,386.8700000,20664
GDAX.ETH-USD,60,20200802,010000,386.7000000,394.0000000,384.5000000,385.2400000,24330
GDAX.ETH-USD,60,20200802,020000,385.2300000,387.7900000,379.0300000,387.7700000,18987
GDAX.ETH-USD,60,20200802,030000,387.7700000,388.7500000,384.4600000,387.4000000,9929
GDAX.ETH-USD,60,20200802,040000,387.4000000,392.3300000,386.0000000,388.7400000,12147
GDAX.ETH-USD,60,20200802,050000,388.7300000,399.7000000,388.3600000,399.7000000,25123
GDAX.ETH-USD,60,20200802,060000,399.5500000,399.7100000,395.0000000,397.7000000,13308
GDAX.ETH-USD,60,20200802,070000,397.6300000,408.4000000,395.7200000,407.8700000,26061
GDAX.ETH-USD,60,20200802,080000,407.5300000,415.0000000,325.7500000,373.4700000,151517
GDAX.ETH-USD,60,20200802,090000,373.1400000,386.9700000,365.0300000,370.5000000,58824
GDAX.ETH-USD,60,20200802,100000,370.5100000,375.0000000,363.9900000,373.7100000,46251
GDAX.ETH-USD,60,20200802,110000,373.7400000,383.4300000,371.6600000,380.3000000,38625
GDAX.ETH-USD,60,20200802,120000,380.2300000,381.7800000,373.6400000,375.6500000,7051
GDAX.ETH-USD,60,20200802,130000,375.4600000,378.2300000,372.0000000,378.0700000,6958
GDAX.ETH-USD,60,20200802,140000,378.0700000,378.8900000,369.4900000,372.6700000,9251
GDAX.ETH-USD,60,20200802,150000,372.7100000,373.7800000,351.1100000,361.7600000,25592
GDAX.ETH-USD,60,20200802,160000,361.7400000,368.0700000,357.8200000,359.0500000,15474
GDAX.ETH-USD,60,20200802,170000,359.0500000,366.6700000,358.6300000,365.5800000,10027
GDAX.ETH-USD,60,20200802,180000,365.5800000,372.6200000,361.5600000,369.1700000,12998
GDAX.ETH-USD,60,20200802,190000,369.2400000,371.9800000,367.5100000,368.5700000,14220
GDAX.ETH-USD,60,20200802,200000,368.5700000,383.0800000,368.3300000,382.1700000,15012
GDAX.ETH-USD,60,20200802,210000,382.1700000,389.0000000,382.0400000,385.0400000,21840
GDAX.ETH-USD,60,20200802,220000,385.0300000,386.7000000,382.1800000,385.6500000,8456
GDAX.ETH-USD,60,20200802,230000,385.6600000,387.2600000,374.0200000,379.5200000,19478
GDAX.ETH-USD,60,20200803,000000,379.5300000,380.3100000,372.7100000,373.1900000,8757
GDAX.ETH-USD,60,20200803,010000,373.2000000,378.8300000,369.4700000,377.7400000,10316
GDAX.ETH-USD,60,20200803,020000,377.7400000,381.3400000,372.2500000,373.7100000,7955
GDAX.ETH-USD,60,20200803,030000,373.7000000,376.1600000,368.3300000,372.2100000,7923
GDAX.ETH-USD,60,20200803,040000,372.1900000,379.3200000,366.3400000,377.9400000,13163
GDAX.ETH-USD,60,20200803,050000,377.9800000,383.9300000,377.9700000,379.7300000,13194
GDAX.ETH-USD,60,20200803,060000,379.7100000,386.0000000,379.6600000,383.8200000,5781
GDAX.ETH-USD,60,20200803,070000,383.7000000,384.9700000,378.1800000,379.6500000,4525
GDAX.ETH-USD,60,20200803,080000,379.7000000,382.8500000,379.7000000,381.3100000,4218
GDAX.ETH-USD,60,20200803,090000,381.4000000,384.4800000,379.2500000,384.4800000,5957
GDAX.ETH-USD,60,20200803,100000,384.4700000,386.7400000,382.3900000,384.0600000,7739
GDAX.ETH-USD,60,20200803,110000,384.2200000,387.3500000,383.0000000,384.9700000,5182
GDAX.ETH-USD,60,20200803,120000,384.9600000,386.4000000,381.5700000,381.6500000,4000
GDAX.ETH-USD,60,20200803,130000,381.6500000,384.5700000,380.2700000,380.4900000,2865
GDAX.ETH-USD,60,20200803,140000,380.3800000,385.7500000,380.2700000,385.6100000,3616
GDAX.ETH-USD,60,20200803,150000,385.5700000,392.1200000,383.6800000,390.8700000,16055
GDAX.ETH-USD,60,20200803,160000,390.8700000,391.5900000,386.5200000,389.7400000,11497
GDAX.ETH-USD,60,20200803,170000,389.6600000,395.0000000,389.3800000,393.7100000,13839
GDAX.ETH-USD,60,20200803,180000,393.7100000,399.6900000,392.1200000,394.5300000,18562
GDAX.ETH-USD,60,20200803,190000,394.5500000,397.4300000,388.9500000,394.2600000,17320
GDAX.ETH-USD,60,20200803,200000,394.2500000,398.5000000,389.8000000,390.6600000,16761
GDAX.ETH-USD,60,20200803,210000,390.7500000,396.5700000,389.5000000,395.4700000,9835
GDAX.ETH-USD,60,20200803,220000,395.5800000,396.6000000,393.0000000,395.5100000,11937
GDAX.ETH-USD,60,20200803,230000,395.5300000,395.5300000,391.5000000,394.1100000,9856
GDAX.ETH-USD,60,20200804,000000,394.1300000,395.0000000,389.7100000,391.0000000,9752
GDAX.ETH-USD,60,20200804,010000,390.9900000,393.4600000,382.5600000,384.5000000,8480
GDAX.ETH-USD,60,20200804,020000,384.8500000,391.0000000,380.3700000,384.1500000,14110
GDAX.ETH-USD,60,20200804,030000,384.1500000,387.4600000,380.0800000,386.2200000,18339
GDAX.ETH-USD,60,20200804,040000,386.2700000,403.6400000,384.0300000,400.1900000,31358
GDAX.ETH-USD,60,20200804,050000,400.2000000,400.9900000,396.7400000,398.0200000,21161
GDAX.ETH-USD,60,20200804,060000,398.0200000,399.7700000,391.6600000,393.0800000,9182
GDAX.ETH-USD,60,20200804,070000,393.0900000,395.3800000,386.6600000,391.4300000,12369
GDAX.ETH-USD,60,20200804,080000,391.2800000,394.4400000,388.5100000,393.9100000,8782
GDAX.ETH-USD,60,20200804,090000,393.9000000,394.8600000,390.3500000,393.1200000,8359
GDAX.ETH-USD,60,20200804,100000,393.1600000,393.1700000,389.1100000,391.3500000,4036
GDAX.ETH-USD,60,20200804,110000,391.3500000,395.9000000,390.9500000,394.9400000,4556
GDAX.ETH-USD,60,20200804,120000,394.9700000,397.2100000,391.0700000,391.6600000,3732
GDAX.ETH-USD,60,20200804,130000,391.6200000,393.1000000,390.7400000,392.2600000,5180
GDAX.ETH-USD,60,20200804,140000,392.2300000,394.7700000,390.0800000,390.9400000,5064
GDAX.ETH-USD,60,20200804,150000,391.0600000,394.2400000,382.0000000,386.1100000,12583
GDAX.ETH-USD,60,20200804,160000,385.9900000,389.0300000,384.6100000,388.2500000,8541
GDAX.ETH-USD,60,20200804,170000,388.2500000,388.3800000,380.6700000,384.1600000,27082
GDAX.ETH-USD,60,20200804,180000,384.3400000,390.6400000,384.3400000,389.8200000,16126
GDAX.ETH-USD,60,20200804,190000,389.9600000,391.8600000,387.7200000,390.5500000,13245
GDAX.ETH-USD,60,20200804,200000,390.6000000,392.4900000,384.7200000,386.8400000,15373
GDAX.ETH-USD,60,20200804,210000,386.7800000,390.4200000,386.2300000,390.0400000,4182
GDAX.ETH-USD,60,20200804,220000,390.0500000,390.7300000,386.7400000,387.5900000,5319
GDAX.ETH-USD,60,20200804,230000,387.5700000,389.2500000,385.5500000,386.9700000,6185
GDAX.ETH-USD,60,20200805,000000,386.9700000,390.8000000,386.9700000,388.0500000,8989
GDAX.ETH-USD,60,20200805,010000,388.0500000,392.9900000,387.0800000,391.9000000,6449
GDAX.ETH-USD,60,20200805,020000,391.9100000,393.2000000,390.5100000,393.1000000,4643
GDAX.ETH-USD,60,20200805,030000,393.1500000,394.5100000,388.0000000,389.8200000,8494
GDAX.ETH-USD,60,20200805,040000,389.7600000,392.2400000,385.4700000,388.6800000,8481
GDAX.ETH-USD,60,20200805,050000,388.6700000,388.8500000,383.8600000,388.5500000,6355
GDAX.ETH-USD,60,20200805,060000,388.5500000,389.3000000,386.2200000,387.9300000,5276
GDAX.ETH-USD,60,20200805,070000,387.9500000,389.6400000,387.4800000,389.4200000,3889
GDAX.ETH-USD,60,20200805,080000,389.4100000,390.4300000,387.7700000,388.5000000,4970
GDAX.ETH-USD,60,20200805,090000,388.6200000,391.5500000,387.4400000,391.3900000,4329
GDAX.ETH-USD,60,20200805,100000,391.3900000,393.9900000,390.4600000,390.5000000,8249
GDAX.ETH-USD,60,20200805,110000,390.4600000,392.2700000,389.3400000,390.0500000,2402
GDAX.ETH-USD,60,20200805,120000,390.0400000,391.9400000,389.1100000,390.4800000,2892
GDAX.ETH-USD,60,20200805,130000,390.4700000,393.7300000,390.4600000,393.2700000,3265
GDAX.ETH-USD,60,20200805,140000,393.2800000,393.6400000,391.3600000,392.8000000,2309
GDAX.ETH-USD,60,20200805,150000,392.8000000,397.8000000,392.8000000,397.6900000,11125
GDAX.ETH-USD,60,20200805,160000,397.7300000,400.8900000,395.3900000,399.6800000,15942
GDAX.ETH-USD,60,20200805,170000,399.6300000,402.4700000,397.7500000,399.5200000,12618
GDAX.ETH-USD,60,20200805,180000,399.5300000,400.0000000,390.5600000,394.9700000,13500
GDAX.ETH-USD,60,20200805,190000,394.9700000,398.0000000,393.2700000,396.0200000,9760
GDAX.ETH-USD,60,20200805,200000,396.0200000,402.5000000,394.1200000,396.8700000,14629
GDAX.ETH-USD,60,20200805,210000,396.9100000,398.5300000,395.2400000,397.9700000,7596
GDAX.ETH-USD,60,20200805,220000,397.9600000,399.1200000,396.9100000,398.0000000,4420
GDAX.ETH-USD,60,20200805,230000,398.0000000,401.0000000,397.9700000,399.2300000,10842
GDAX.ETH-USD,60,20200806,000000,399.2400000,401.8500000,398.2800000,400.5400000,7700
GDAX.ETH-USD,60,20200806,010000,400.5500000,408.0000000,400.0100000,405.9900000,16724
GDAX.ETH-USD,60,20200806,020000,405.9900000,406.2500000,391.7800000,397.3600000,22051
GDAX.ETH-USD,60,20200806,030000,397.5300000,402.4900000,396.4600000,401.2100000,9052
GDAX.ETH-USD,60,20200806,040000,401.2100000,404.0300000,398.8900000,399.7800000,9735
GDAX.ETH-USD,60,20200806,050000,399.7800000,399.7800000,397.0000000,397.9600000,5349
GDAX.ETH-USD,60,20200806,060000,397.9600000,398.4200000,395.0100000,398.2600000,6037
GDAX.ETH-USD,60,20200806,070000,398.2400000,398.2400000,395.2100000,395.8500000,5031
GDAX.ETH-USD,60,20200806,080000,395.7700000,396.0000000,392.6900000,394.5200000,7424
GDAX.ETH-USD,60,20200806,090000,394.5000000,396.2100000,393.0100000,395.1200000,3674
GDAX.ETH-USD,60,20200806,100000,394.9300000,397.5700000,394.7200000,397.2800000,7818
GDAX.ETH-USD,60,20200806,110000,397.2400000,397.5100000,394.9100000,395.4200000,2405
GDAX.ETH-USD,60,20200806,120000,395.3900000,397.9400000,394.9100000,397.7100000,4126
GDAX.ETH-USD,60,20200806,130000,397.7100000,398.1000000,396.3500000,396.7800000,4195
GDAX.ETH-USD,60,20200806,140000,396.7800000,396.9400000,393.7100000,393.9800000,3358
GDAX.ETH-USD,60,20200806,150000,393.9900000,396.3300000,393.7100000,394.8800000,2981
GDAX.ETH-USD,60,20200806,160000,395.0000000,397.4400000,394.7200000,397.1400000,2986
GDAX.ETH-USD,60,20200806,170000,397.1400000,400.0000000,396.0000000,399.8100000,9090
GDAX.ETH-USD,60,20200806,180000,399.7700000,399.9600000,395.1000000,396.7500000,9355
GDAX.ETH-USD,60,20200806,190000,396.8300000,401.2700000,396.8300000,399.7400000,8690
GDAX.ETH-USD,60,20200806,200000,399.7900000,400.7500000,397.1200000,398.8500000,9626
GDAX.ETH-USD,60,20200806,210000,398.8100000,399.3700000,395.6600000,397.2500000,6091
GDAX.ETH-USD,60,20200806,220000,397.2800000,397.6900000,394.9100000,397.2500000,5922
GDAX.ETH-USD,60,20200806,230000,397.2500000,398.9700000,396.4500000,397.3700000,5228
GDAX.ETH-USD,60,20200807,000000,397.3700000,398.5100000,395.5000000,396.9100000,7311
GDAX.ETH-USD,60,20200807,010000,396.9100000,397.9400000,393.4000000,395.8400000,7309
GDAX.ETH-USD,60,20200807,020000,395.9100000,396.5600000,393.5100000,394.9600000,5761
GDAX.ETH-USD,60,20200807,030000,394.9300000,395.4400000,391.0000000,395.2800000,7824
GDAX.ETH-USD,60,20200807,040000,395.2800000,396.3700000,394.1900000,395.3600000,6460
GDAX.ETH-USD,60,20200807,050000,395.3600000,398.5700000,395.1200000,397.3400000,10818
GDAX.ETH-USD,60,20200807,060000,397.3500000,398.4500000,396.2700000,396.7000000,6790
GDAX.ETH-USD,60,20200807,070000,396.6900000,397.6800000,395.5900000,395.9000000,3978
GDAX.ETH-USD,60,20200807,080000,395.8800000,396.3700000,394.3500000,395.9400000,6193
GDAX.ETH-USD,60,20200807,090000,395.9300000,396.2400000,393.6100000,394.6800000,4448
GDAX.ETH-USD,60,20200807,100000,394.6800000,395.8700000,393.9600000,395.1700000,1852
GDAX.ETH-USD,60,20200807,110000,395.1700000,395.2400000,393.3900000,394.3200000,6925
GDAX.ETH-USD,60,20200807,120000,394.4100000,396.6500000,392.4100000,395.6900000,3754
GDAX.ETH-USD,60,20200807,130000,395.6800000,398.0500000,395.0000000,396.3000000,6837
GDAX.ETH-USD,60,20200807,140000,396.2300000,396.8400000,394.6900000,395.0000000,3420
GDAX.ETH-USD,60,20200807,150000,395.0000000,395.0500000,392.9900000,394.3300000,6280
GDAX.ETH-USD,60,20200807,160000,394.4200000,395.2500000,392.0500000,394.7900000,5120
GDAX.ETH-USD,60,20200807,170000,394.7900000,395.7500000,392.8200000,394.1500000,6559
GDAX.ETH-USD,60,20200807,180000,394.1800000,394.3100000,378.9000000,385.1400000,27870
GDAX.ETH-USD,60,20200807,190000,385.1400000,388.1600000,384.2900000,385.8700000,6706
GDAX.ETH-USD,60,20200807,200000,385.7900000,387.3300000,379.2100000,379.4000000,12386
GDAX.ETH-USD,60,20200807,210000,379.2200000,379.7900000,362.8800000,373.8700000,69397
GDAX.ETH-USD,60,20200807,220000,373.8700000,374.3100000,364.0000000,373.7100000,24555
GDAX.ETH-USD,60,20200807,230000,373.7000000,377.4800000,372.9200000,375.0300000,11268
GDAX.ETH-USD,60,20200808,000000,375.0400000,381.0000000,373.7900000,378.0000000,9303
GDAX.ETH-USD,60,20200808,010000,378.0000000,380.1200000,376.6500000,379.8700000,5204
GDAX.ETH-USD,60,20200808,020000,379.8700000,383.5300000,378.6800000,380.8200000,6039
GDAX.ETH-USD,60,20200808,030000,380.8200000,383.3700000,378.9400000,379.7500000,5949
GDAX.ETH-USD,60,20200808,040000,379.7600000,380.9100000,376.1800000,379.8800000,6347
GDAX.ETH-USD,60,20200808,050000,379.8300000,383.1100000,379.8200000,381.7300000,3102
GDAX.ETH-USD,60,20200808,060000,381.7400000,382.6900000,378.5500000,380.9900000,2943
GDAX.ETH-USD,60,20200808,070000,380.9900000,381.0800000,377.0000000,378.4900000,5148
GDAX.ETH-USD,60,20200808,080000,378.4900000,379.7900000,377.5500000,377.6000000,2392
GDAX.ETH-USD,60,20200808,090000,377.5700000,381.5300000,377.5700000,380.9100000,2542
GDAX.ETH-USD,60,20200808,100000,380.8700000,381.4600000,380.1500000,381.0900000,1573
GDAX.ETH-USD,60,20200808,110000,380.9100000,382.0000000,380.9100000,381.9900000,69
GDAX.ETH-USD,60,20200808,120000,381.9900000,382.4000000,378.5500000,379.1700000,2265
GDAX.ETH-USD,60,20200808,130000,379.1900000,386.7100000,379.1900000,386.3300000,3562
GDAX.ETH-USD,60,20200808,140000,386.4400000,389.3100000,384.6600000,387.7000000,3409
GDAX.ETH-USD,60,20200808,150000,387.7200000,392.6300000,387.7200000,391.9600000,5525
GDAX.ETH-USD,60,20200808,160000,391.9700000,393.4900000,390.4800000,392.0500000,6442
GDAX.ETH-USD,60,20200808,170000,392.0100000,392.6100000,389.5500000,390.6700000,4192
GDAX.ETH-USD,60,20200808,180000,390.6500000,391.4400000,387.7500000,390.2400000,4850
GDAX.ETH-USD,60,20200808,190000,390.2500000,393.0000000,390.2500000,390.9900000,5278
GDAX.ETH-USD,60,20200808,200000,391.0000000,391.9600000,386.3900000,390.5600000,8963
GDAX.ETH-USD,60,20200808,210000,390.5600000,392.9000000,387.2000000,391.9700000,5505
GDAX.ETH-USD,60,20200808,220000,391.9700000,391.9700000,388.9100000,389.2100000,262
GDAX.ETH-USD,60,20200808,230000,391.7100000,391.7100000,387.5000000,389.6700000,3327
GDAX.ETH-USD,60,20200809,000000,389.6700000,389.6800000,387.0000000,388.4700000,8118
GDAX.ETH-USD,60,20200809,010000,388.4600000,391.7400000,388.1800000,391.7000000,4896
GDAX.ETH-USD,60,20200809,020000,391.7000000,392.4900000,389.0000000,391.0800000,6565
GDAX.ETH-USD,60,20200809,030000,391.1100000,400.0600000,389.0000000,397.5100000,12450
GDAX.ETH-USD,60,20200809,040000,397.5000000,401.0000000,390.5100000,398.5600000,43243
GDAX.ETH-USD,60,20200809,050000,398.5600000,398.9900000,393.1600000,396.1200000,9957
GDAX.ETH-USD,60,20200809,060000,396.2400000,397.6500000,395.2800000,395.7400000,2803
GDAX.ETH-USD,60,20200809,070000,395.2800000,397.8800000,395.0000000,395.3300000,3175
GDAX.ETH-USD,60,20200809,080000,395.5000000,396.1000000,393.7000000,394.3900000,2508
GDAX.ETH-USD,60,20200809,090000,394.2500000,395.6900000,393.0000000,393.0100000,2159
GDAX.ETH-USD,60,20200809,100000,393.0100000,395.0300000,392.8800000,393.1900000,2041
GDAX.ETH-USD,60,20200809,110000,393.1700000,395.7800000,393.0900000,395.5600000,918
GDAX.ETH-USD,60,20200809,120000,395.5700000,396.5900000,393.7800000,394.5500000,1417
GDAX.ETH-USD,60,20200809,130000,394.5400000,395.6600000,384.9400000,389.6000000,6202
GDAX.ETH-USD,60,20200809,140000,389.5200000,392.3500000,387.3800000,391.4200000,5580
GDAX.ETH-USD,60,20200809,150000,391.4100000,393.4100000,390.9600000,392.2900000,4423
GDAX.ETH-USD,60,20200809,160000,392.2800000,392.3400000,387.6400000,389.3800000,4651
GDAX.ETH-USD,60,20200809,170000,389.5100000,390.3500000,386.7200000,388.0600000,5949
GDAX.ETH-USD,60,20200809,180000,387.8800000,388.8000000,384.0200000,385.8000000,7799
GDAX.ETH-USD,60,20200809,190000,385.7600000,388.4000000,384.1500000,387.0200000,4878
GDAX.ETH-USD,60,20200809,200000,386.9600000,391.7100000,386.0100000,388.3100000,6691
GDAX.ETH-USD,60,20200809,210000,388.3000000,389.4600000,384.9100000,385.4000000,4649
GDAX.ETH-USD,60,20200809,220000,385.4000000,390.5200000,385.3300000,390.4600000,3580
GDAX.ETH-USD,60,20200809,230000,390.3400000,391.3000000,389.1700000,389.8000000,4001
GDAX.ETH-USD,60,20200810,000000,389.8100000,393.4100000,389.8100000,393.3000000,6287
GDAX.ETH-USD,60,20200810,010000,393.3000000,394.5700000,388.2100000,389.4500000,4030
GDAX.ETH-USD,60,20200810,020000,389.4500000,391.5600000,387.5100000,389.0900000,4127
GDAX.ETH-USD,60,20200810,030000,389.1500000,390.6700000,387.6800000,390.4100000,2968
GDAX.ETH-USD,60,20200810,040000,390.4100000,393.4200000,390.4100000,391.5100000,6973
GDAX.ETH-USD,60,20200810,050000,391.5000000,395.4000000,390.6500000,395.2500000,5010
GDAX.ETH-USD,60,20200810,060000,395.2300000,399.0000000,393.0000000,396.8500000,21857
GDAX.ETH-USD,60,20200810,070000,396.9200000,398.7100000,395.5600000,397.9200000,8737
GDAX.ETH-USD,60,20200810,080000,397.9600000,400.2100000,396.0600000,396.4100000,14478
GDAX.ETH-USD,60,20200810,090000,396.4900000,397.3500000,393.7400000,395.5900000,4820
GDAX.ETH-USD,60,20200810,100000,395.6000000,397.2000000,394.6800000,397.2000000,8444
GDAX.ETH-USD,60,20200810,110000,397.2000000,397.7600000,395.2100000,395.6200000,3842
GDAX.ETH-USD,60,20200810,120000,395.8100000,397.1900000,395.2400000,396.0000000,2620
GDAX.ETH-USD,60,20200810,130000,395.9900000,396.2000000,394.0200000,394.7800000,2274
GDAX.ETH-USD,60,20200810,140000,394.7800000,395.8900000,385.4400000,390.4500000,12064
GDAX.ETH-USD,60,20200810,150000,390.3400000,392.7200000,390.3000000,391.4800000,7191
GDAX.ETH-USD,60,20200810,160000,391.4700000,395.5300000,390.6600000,395.2400000,7979
GDAX.ETH-USD,60,20200810,170000,395.2400000,396.5800000,394.2700000,396.5300000,6038
GDAX.ETH-USD,60,20200810,180000,396.5400000,397.3200000,394.7300000,394.8500000,7606
GDAX.ETH-USD,60,20200810,190000,394.7700000,397.8300000,392.3100000,397.5700000,12724
GDAX.ETH-USD,60,20200810,200000,397.5200000,398.4900000,393.5500000,394.4800000,11266
GDAX.ETH-USD,60,20200810,210000,394.4900000,398.1100000,394.3400000,397.7900000,13709
GDAX.ETH-USD,60,20200810,220000,397.7800000,399.2400000,395.7200000,395.8300000,13472
GDAX.ETH-USD,60,20200810,230000,395.9600000,397.5700000,394.4600000,395.8700000,7262
GDAX.ETH-USD,60,20200811,000000,395.8700000,396.9100000,393.2900000,395.2600000,6442
GDAX.ETH-USD,60,20200811,010000,395.2400000,395.5800000,391.8900000,393.9200000,4443
GDAX.ETH-USD,60,20200811,020000,393.9100000,395.6400000,391.9600000,395.1000000,4833
GDAX.ETH-USD,60,20200811,030000,395.0400000,396.0000000,393.6500000,395.7800000,4365
GDAX.ETH-USD,60,20200811,040000,395.7700000,396.7600000,393.8600000,395.5800000,5918
GDAX.ETH-USD,60,20200811,050000,395.5900000,397.7800000,395.2300000,397.3800000,6618
GDAX.ETH-USD,60,20200811,060000,397.3800000,398.3000000,396.3300000,396.3600000,6270
GDAX.ETH-USD,60,20200811,070000,396.3500000,397.3300000,393.1000000,394.4600000,6611
GDAX.ETH-USD,60,20200811,080000,394.4600000,396.5500000,393.5100000,394.9300000,3414
GDAX.ETH-USD,60,20200811,090000,394.9300000,395.8600000,393.0500000,395.4000000,1790
GDAX.ETH-USD,60,20200811,100000,395.4000000,395.4000000,390.7000000,391.9900000,5993
GDAX.ETH-USD,60,20200811,110000,391.9900000,393.0900000,388.7000000,391.2300000,5708
GDAX.ETH-USD,60,20200811,120000,391.2200000,392.2800000,389.0000000,389.3500000,3266
GDAX.ETH-USD,60,20200811,130000,389.4900000,392.6700000,388.9300000,389.8100000,5649
GDAX.ETH-USD,60,20200811,140000,389.7600000,391.7700000,388.0000000,391.0100000,4535
GDAX.ETH-USD,60,20200811,150000,391.0100000,392.7700000,390.5200000,391.7600000,2393
GDAX.ETH-USD,60,20200811,160000,391.7500000,391.7500000,386.7600000,387.2000000,5823
GDAX.ETH-USD,60,20200811,170000,387.2000000,389.6500000,383.0000000,389.1800000,15989
GDAX.ETH-USD,60,20200811,180000,389.1800000,389.5000000,384.0000000,385.8700000,9876
GDAX.ETH-USD,60,20200811,190000,385.8600000,386.2400000,376.8200000,382.2100000,20657
GDAX.ETH-USD,60,20200811,200000,382.2100000,385.1000000,376.0700000,384.9100000,13880
GDAX.ETH-USD,60,20200811,210000,384.8400000,386.5300000,382.0000000,385.8500000,10259
GDAX.ETH-USD,60,20200811,220000,385.8300000,385.8300000,380.9300000,381.9000000,6392
GDAX.ETH-USD,60,20200811,230000,381.9000000,381.9000000,378.5600000,380.5000000,7960
GDAX.ETH-USD,60,20200812,000000,380.5000000,380.5000000,364.7700000,373.1000000,53853
GDAX.ETH-USD,60,20200812,010000,373.1200000,376.5800000,368.4500000,373.5900000,13796
GDAX.ETH-USD,60,20200812,020000,373.7000000,376.2800000,372.1400000,375.4300000,6613
GDAX.ETH-USD,60,20200812,030000,375.4300000,381.6000000,375.1600000,378.8800000,8038
GDAX.ETH-USD,60,20200812,040000,378.9200000,380.1700000,375.8300000,376.5900000,5791
GDAX.ETH-USD,60,20200812,050000,376.5900000,380.3200000,376.5100000,377.9100000,4610
GDAX.ETH-USD,60,20200812,060000,378.0000000,378.7200000,372.2200000,373.6100000,8727
GDAX.ETH-USD,60,20200812,070000,373.7600000,377.5000000,373.0500000,377.5000000,4344
GDAX.ETH-USD,60,20200812,080000,377.5000000,377.9800000,373.4900000,373.7200000,4284
GDAX.ETH-USD,60,20200812,090000,373.7600000,375.0000000,369.5400000,369.8100000,4968
GDAX.ETH-USD,60,20200812,100000,369.7100000,374.6800000,365.1900000,374.3500000,9671
GDAX.ETH-USD,60,20200812,110000,374.2800000,380.6100000,373.6500000,379.2700000,5542
GDAX.ETH-USD,60,20200812,120000,379.3100000,382.0100000,377.6400000,378.5100000,5808
GDAX.ETH-USD,60,20200812,130000,378.6200000,382.2000000,378.4800000,381.2300000,4808
GDAX.ETH-USD,60,20200812,140000,381.1900000,385.0000000,380.2200000,383.9000000,4658
GDAX.ETH-USD,60,20200812,150000,383.9000000,384.9800000,380.9200000,381.8100000,2747
GDAX.ETH-USD,60,20200812,160000,381.8100000,384.6700000,380.0300000,384.6600000,4820
GDAX.ETH-USD,60,20200812,170000,384.6700000,386.9800000,382.9200000,386.7300000,9124
GDAX.ETH-USD,60,20200812,180000,386.7800000,387.2500000,383.8600000,385.8800000,10938
GDAX.ETH-USD,60,20200812,190000,385.8800000,387.5900000,384.1100000,385.1900000,8626
GDAX.ETH-USD,60,20200812,200000,385.1800000,386.4700000,381.9100000,382.9800000,9013
GDAX.ETH-USD,60,20200812,210000,382.9900000,384.1500000,381.0500000,383.7600000,6897
GDAX.ETH-USD,60,20200812,220000,383.7600000,385.1400000,382.5300000,384.0000000,21324
GDAX.ETH-USD,60,20200812,230000,384.0100000,389.1600000,384.0100000,387.3000000,21194
GDAX.ETH-USD,60,20200813,000000,387.3000000,389.5700000,386.1000000,386.2600000,7594
GDAX.ETH-USD,60,20200813,010000,386.2700000,386.2800000,381.9900000,382.8000000,13801
GDAX.ETH-USD,60,20200813,020000,382.7700000,387.0100000,382.6500000,386.4500000,6497
GDAX.ETH-USD,60,20200813,030000,386.4400000,387.7500000,385.7500000,387.2700000,7366
GDAX.ETH-USD,60,20200813,040000,387.2700000,394.9100000,386.5500000,394.0200000,18080
GDAX.ETH-USD,60,20200813,050000,394.0200000,395.0000000,391.6100000,392.0900000,9815
GDAX.ETH-USD,60,20200813,060000,392.0900000,394.1300000,390.2100000,392.2400000,8031
GDAX.ETH-USD,60,20200813,070000,392.4200000,394.8100000,391.6200000,394.8000000,6018
GDAX.ETH-USD,60,20200813,080000,394.7900000,396.2700000,392.7200000,393.4700000,10713
GDAX.ETH-USD,60,20200813,090000,393.2800000,393.2800000,391.0100000,391.9900000,2529
GDAX.ETH-USD,60,20200813,100000,391.9800000,392.8900000,390.4100000,392.3400000,4255
GDAX.ETH-USD,60,20200813,110000,392.3300000,393.0500000,389.1000000,389.8100000,4050
GDAX.ETH-USD,60,20200813,120000,389.8300000,390.1000000,380.8500000,382.8900000,12014
GDAX.ETH-USD,60,20200813,130000,382.8900000,386.5800000,376.4600000,386.4100000,9225
GDAX.ETH-USD,60,20200813,140000,386.4100000,388.5100000,383.2000000,388.3800000,9748
GDAX.ETH-USD,60,20200813,150000,388.5000000,398.0000000,388.0000000,393.9900000,18789
GDAX.ETH-USD,60,20200813,160000,394.0000000,395.4700000,384.3900000,388.7700000,13607
GDAX.ETH-USD,60,20200813,170000,388.8300000,393.7200000,386.5400000,391.0800000,9072
GDAX.ETH-USD,60,20200813,180000,391.0400000,393.4700000,388.8200000,392.8400000,8109
GDAX.ETH-USD,60,20200813,190000,392.8400000,393.0600000,389.0900000,392.7400000,7795
GDAX.ETH-USD,60,20200813,200000,392.8100000,394.0000000,387.9000000,392.3100000,7267
GDAX.ETH-USD,60,20200813,210000,392.3100000,393.3500000,390.0900000,392.2700000,8694
GDAX.ETH-USD,60,20200813,220000,392.2600000,394.3800000,391.4300000,392.2700000,7648
GDAX.ETH-USD,60,20200813,230000,392.2800000,395.4000000,392.2700000,394.1700000,7376
GDAX.ETH-USD,60,20200814,000000,394.1800000,412.7800000,394.1800000,410.8400000,48235
GDAX.ETH-USD,60,20200814,010000,410.4300000,422.5000000,410.4300000,419.1100000,57308
GDAX.ETH-USD,60,20200814,020000,419.2100000,432.9400000,419.1400000,423.7300000,52971
GDAX.ETH-USD,60,20200814,030000,423.7300000,427.0000000,420.0100000,424.9400000,22529
GDAX.ETH-USD,60,20200814,040000,425.0000000,431.3500000,424.0000000,425.2800000,26885
GDAX.ETH-USD,60,20200814,050000,425.2900000,427.5000000,422.6100000,425.8800000,16333
GDAX.ETH-USD,60,20200814,060000,425.8800000,427.1000000,421.5100000,422.8400000,10530
GDAX.ETH-USD,60,20200814,070000,422.8300000,424.3800000,417.5200000,421.7000000,18577
GDAX.ETH-USD,60,20200814,080000,421.7100000,425.9800000,421.7100000,425.7900000,12897
GDAX.ETH-USD,60,20200814,090000,425.7900000,425.8500000,421.4900000,421.5600000,8271
GDAX.ETH-USD,60,20200814,100000,421.5600000,423.6300000,420.4200000,422.1100000,6808
GDAX.ETH-USD,60,20200814,110000,422.1100000,424.5700000,419.7000000,423.2000000,9091
GDAX.ETH-USD,60,20200814,120000,423.0800000,426.2500000,422.0500000,423.2900000,7348
GDAX.ETH-USD,60,20200814,130000,423.2800000,425.0500000,422.6000000,424.2100000,7775
GDAX.ETH-USD,60,20200814,140000,424.2100000,427.9100000,423.2000000,425.0000000,7895
GDAX.ETH-USD,60,20200814,150000,424.8300000,429.0000000,423.5000000,428.4000000,11614
GDAX.ETH-USD,60,20200814,160000,428.3800000,428.3900000,425.5600000,426.6600000,11068
GDAX.ETH-USD,60,20200814,170000,426.7600000,426.7600000,423.2100000,426.1600000,9176
GDAX.ETH-USD,60,20200814,180000,426.1400000,427.5800000,422.5400000,427.4400000,14737
GDAX.ETH-USD,60,20200814,190000,427.4400000,437.9600000,424.2800000,436.8500000,28116
GDAX.ETH-USD,60,20200814,200000,436.8500000,445.4500000,434.0000000,442.0100000,36978
GDAX.ETH-USD,60,20200814,210000,442.0100000,442.9400000,437.4000000,440.7200000,16010
GDAX.ETH-USD,60,20200814,220000,440.7100000,445.0400000,440.0400000,442.6400000,17506
GDAX.ETH-USD,60,20200814,230000,442.6300000,443.7500000,439.6500000,441.1800000,12592
GDAX.ETH-USD,60,20200815,000000,441.2400000,442.7500000,437.6000000,439.6300000,9648
GDAX.ETH-USD,60,20200815,010000,439.6300000,439.8300000,435.0000000,438.1800000,8427
GDAX.ETH-USD,60,20200815,020000,438.1800000,440.2000000,435.5500000,440.1100000,5597
GDAX.ETH-USD,60,20200815,030000,440.0400000,440.6700000,436.0500000,438.8300000,6702
GDAX.ETH-USD,60,20200815,040000,438.8300000,441.2400000,435.6900000,439.1200000,8890
GDAX.ETH-USD,60,20200815,050000,439.1100000,441.9400000,437.5400000,441.5900000,6784
GDAX.ETH-USD,60,20200815,060000,441.7100000,443.3300000,440.1400000,440.1600000,10280
GDAX.ETH-USD,60,20200815,070000,440.2300000,441.0100000,438.2800000,439.8000000,4724
GDAX.ETH-USD,60,20200815,080000,439.6800000,440.9300000,437.0300000,438.8700000,6013
GDAX.ETH-USD,60,20200815,090000,438.8600000,439.4400000,435.6400000,439.3900000,5667
GDAX.ETH-USD,60,20200815,100000,439.3800000,440.4800000,438.5600000,438.6900000,2973
GDAX.ETH-USD,60,20200815,110000,438.7800000,439.1400000,436.7600000,437.6800000,2921
GDAX.ETH-USD,60,20200815,120000,437.6800000,439.1100000,428.0000000,433.9400000,12869
GDAX.ETH-USD,60,20200815,130000,433.9400000,438.1900000,433.6900000,436.4800000,3368
GDAX.ETH-USD,60,20200815,140000,436.4900000,438.6900000,434.3200000,435.3600000,3233
GDAX.ETH-USD,60,20200815,150000,435.4000000,437.3700000,434.1600000,434.1600000,2995
GDAX.ETH-USD,60,20200815,160000,434.3300000,437.2500000,429.2000000,430.8900000,10092
GDAX.ETH-USD,60,20200815,170000,431.0400000,434.2100000,430.1600000,432.2500000,10799
GDAX.ETH-USD,60,20200815,180000,432.2300000,434.1900000,428.5200000,432.8500000,8806
GDAX.ETH-USD,60,20200815,190000,432.8400000,438.3800000,432.0000000,435.9000000,14072
GDAX.ETH-USD,60,20200815,200000,435.8900000,439.4600000,433.4200000,435.3000000,11545
GDAX.ETH-USD,60,20200815,210000,435.3400000,437.0000000,434.9400000,435.3200000,4416
GDAX.ETH-USD,60,20200815,220000,435.1900000,436.4000000,433.8200000,436.0300000,5450
GDAX.ETH-USD,60,20200815,230000,436.0300000,436.4300000,431.7200000,432.2900000,8079
GDAX.ETH-USD,60,20200816,000000,432.2800000,434.9200000,431.7800000,432.4900000,4930
GDAX.ETH-USD,60,20200816,010000,432.4600000,434.0000000,429.0500000,433.0400000,7388
GDAX.ETH-USD,60,20200816,020000,433.2300000,436.0000000,431.3200000,432.0600000,9821
GDAX.ETH-USD,60,20200816,030000,431.9800000,433.5900000,429.4700000,432.5500000,4847
GDAX.ETH-USD,60,20200816,040000,432.6700000,433.3500000,426.7000000,427.2300000,8558
GDAX.ETH-USD,60,20200816,050000,427.2000000,430.3300000,421.3400000,430.2500000,14177
GDAX.ETH-USD,60,20200816,060000,430.2400000,430.2400000,426.3200000,426.6700000,5542
GDAX.ETH-USD,60,20200816,070000,426.6700000,429.3400000,426.3300000,426.8700000,4418
GDAX.ETH-USD,60,20200816,080000,426.8700000,429.1000000,426.1300000,428.3000000,3610
GDAX.ETH-USD,60,20200816,090000,428.4000000,429.6000000,427.7000000,428.9400000,5996
GDAX.ETH-USD,60,20200816,100000,428.8900000,429.3800000,426.5800000,428.3700000,3788
GDAX.ETH-USD,60,20200816,110000,428.5000000,428.8500000,426.2500000,426.5900000,4123
GDAX.ETH-USD,60,20200816,120000,426.5900000,428.3300000,425.0000000,426.6900000,3182
GDAX.ETH-USD,60,20200816,130000,426.6700000,427.9500000,424.3500000,427.1800000,3221
GDAX.ETH-USD,60,20200816,140000,427.1400000,427.3100000,422.0000000,423.3600000,5771
GDAX.ETH-USD,60,20200816,150000,423.3500000,423.5500000,416.2000000,417.8100000,14185
GDAX.ETH-USD,60,20200816,160000,417.9600000,420.6300000,412.5100000,419.9000000,15788
GDAX.ETH-USD,60,20200816,170000,419.8800000,423.4500000,418.1100000,422.8800000,7281
GDAX.ETH-USD,60,20200816,180000,422.8600000,424.5800000,422.3000000,423.8700000,11445
GDAX.ETH-USD,60,20200816,190000,423.8600000,432.4500000,422.6000000,430.7500000,14932
GDAX.ETH-USD,60,20200816,200000,430.7500000,437.0000000,430.7500000,434.4300000,18183
GDAX.ETH-USD,60,20200816,210000,434.4300000,435.9000000,428.8500000,430.6300000,12438
GDAX.ETH-USD,60,20200816,220000,430.7500000,432.0000000,429.5200000,430.6000000,4835
GDAX.ETH-USD,60,20200816,230000,430.6000000,431.5700000,428.5300000,429.4300000,4840
GDAX.ETH-USD,60,20200817,000000,429.4500000,431.2100000,426.7800000,430.5700000,6363
GDAX.ETH-USD,60,20200817,010000,430.6400000,433.7400000,429.8000000,431.6700000,7214
GDAX.ETH-USD,60,20200817,020000,431.6700000,434.6900000,429.9100000,433.7300000,6855
GDAX.ETH-USD,60,20200817,030000,433.7000000,434.9100000,430.7200000,433.7000000,11247
GDAX.ETH-USD,60,20200817,040000,433.7100000,434.9600000,429.4700000,430.8400000,11739
GDAX.ETH-USD,60,20200817,050000,430.8300000,430.8400000,425.0900000,428.1000000,8143
GDAX.ETH-USD,60,20200817,060000,428.0100000,428.8300000,421.8100000,426.3700000,6102
GDAX.ETH-USD,60,20200817,070000,426.3500000,427.6100000,423.1200000,425.8700000,5106
GDAX.ETH-USD,60,20200817,080000,425.6900000,426.0000000,422.3100000,422.5500000,4545
GDAX.ETH-USD,60,20200817,090000,422.5400000,426.0800000,421.3400000,421.8700000,3295
GDAX.ETH-USD,60,20200817,100000,421.8700000,426.4000000,420.5000000,424.1200000,4173
GDAX.ETH-USD,60,20200817,110000,424.0600000,425.9400000,422.3000000,424.0000000,1780
GDAX.ETH-USD,60,20200817,120000,423.9400000,429.9800000,423.4500000,428.8800000,6325
GDAX.ETH-USD,60,20200817,130000,428.7200000,429.7100000,425.9300000,426.0100000,2768
GDAX.ETH-USD,60,20200817,140000,426.0000000,428.8900000,425.0100000,425.9900000,3245
GDAX.ETH-USD,60,20200817,150000,426.0700000,429.2600000,425.6400000,428.4500000,4478
GDAX.ETH-USD,60,20200817,160000,428.4800000,430.9900000,425.0700000,426.5600000,14123
GDAX.ETH-USD,60,20200817,170000,426.5600000,434.0300000,423.3100000,430.1400000,27416
GDAX.ETH-USD,60,20200817,180000,430.1800000,432.9900000,427.5000000,431.7100000,14884
GDAX.ETH-USD,60,20200817,190000,431.9400000,442.2200000,429.3300000,441.5000000,21802
GDAX.ETH-USD,60,20200817,200000,441.6400000,447.5000000,438.2900000,440.0100000,21085
GDAX.ETH-USD,60,20200817,210000,440.0100000,443.4200000,439.7000000,441.9600000,8281
GDAX.ETH-USD,60,20200817,220000,441.9600000,443.0400000,435.9400000,436.7200000,8674
GDAX.ETH-USD,60,20200817,230000,436.7800000,439.0000000,435.6200000,437.7900000,5239
GDAX.ETH-USD,60,20200818,000000,437.7900000,439.8800000,436.8900000,438.2700000,5136
GDAX.ETH-USD,60,20200818,010000,438.2600000,439.7100000,436.0000000,438.9900000,8680
GDAX.ETH-USD,60,20200818,020000,439.0200000,440.0900000,437.5300000,438.2700000,6323
GDAX.ETH-USD,60,20200818,030000,438.2000000,439.5500000,428.5100000,431.5000000,18511
GDAX.ETH-USD,60,20200818,040000,431.5000000,434.2700000,430.8600000,433.5400000,7265
GDAX.ETH-USD,60,20200818,050000,433.5300000,433.5300000,429.1100000,429.9900000,7411
GDAX.ETH-USD,60,20200818,060000,429.9800000,433.0100000,428.2600000,432.7700000,4452
GDAX.ETH-USD,60,20200818,070000,432.8600000,432.9400000,428.9000000,430.5400000,3730
GDAX.ETH-USD,60,20200818,080000,430.4600000,430.8400000,427.1200000,428.5200000,6450
GDAX.ETH-USD,60,20200818,090000,428.5200000,429.8000000,426.5000000,428.6300000,5455
GDAX.ETH-USD,60,20200818,100000,428.3700000,430.7800000,426.8100000,430.6400000,2781
GDAX.ETH-USD,60,20200818,110000,430.6400000,430.6400000,428.6000000,429.6900000,2093
GDAX.ETH-USD,60,20200818,120000,429.6900000,431.2400000,429.4500000,430.6800000,1668
GDAX.ETH-USD,60,20200818,130000,430.6800000,430.7900000,428.7400000,429.1900000,2313
GDAX.ETH-USD,60,20200818,140000,429.2600000,431.7300000,428.4000000,431.3500000,2318
GDAX.ETH-USD,60,20200818,150000,431.1200000,431.7500000,427.0700000,427.2200000,5387
GDAX.ETH-USD,60,20200818,160000,427.2800000,430.3900000,427.0700000,429.6800000,4449
GDAX.ETH-USD,60,20200818,170000,429.7200000,430.6100000,421.1600000,426.5100000,14981
GDAX.ETH-USD,60,20200818,180000,426.3100000,427.2600000,414.4400000,422.4600000,25154
GDAX.ETH-USD,60,20200818,190000,422.4600000,425.8200000,419.1200000,420.4500000,8646
GDAX.ETH-USD,60,20200818,200000,420.1800000,424.9900000,415.9100000,423.6800000,10959
GDAX.ETH-USD,60,20200818,210000,423.8500000,425.3600000,422.1500000,423.3300000,3767
GDAX.ETH-USD,60,20200818,220000,423.3200000,424.9800000,422.2400000,423.3900000,4561
GDAX.ETH-USD,60,20200818,230000,423.4000000,426.7900000,423.3900000,424.0200000,4983
GDAX.ETH-USD,60,20200819,000000,424.0200000,429.0000000,424.0200000,427.4100000,9132
GDAX.ETH-USD,60,20200819,010000,427.4100000,429.6800000,426.7400000,427.5000000,3219
GDAX.ETH-USD,60,20200819,020000,427.4900000,428.3400000,424.8100000,425.5000000,3746
GDAX.ETH-USD,60,20200819,030000,425.6500000,425.6700000,421.8700000,422.3100000,3753
GDAX.ETH-USD,60,20200819,040000,422.3100000,424.7800000,420.2400000,424.7500000,6487
GDAX.ETH-USD,60,20200819,050000,424.7500000,426.9700000,423.0000000,423.4700000,4528
GDAX.ETH-USD,60,20200819,060000,423.4700000,424.0700000,419.5000000,420.6700000,6531
GDAX.ETH-USD,60,20200819,070000,420.6700000,422.4000000,415.1100000,415.8300000,6855
GDAX.ETH-USD,60,20200819,080000,415.8200000,417.2800000,406.1200000,412.3100000,19929
GDAX.ETH-USD,60,20200819,090000,412.3300000,413.5500000,406.9100000,408.6100000,9654
GDAX.ETH-USD,60,20200819,100000,408.4900000,409.9500000,401.5700000,408.4300000,12451
GDAX.ETH-USD,60,20200819,110000,408.4300000,413.5700000,407.2400000,413.5500000,4341
GDAX.ETH-USD,60,20200819,120000,413.5400000,414.6100000,411.1800000,412.6300000,2882
GDAX.ETH-USD,60,20200819,130000,412.6400000,416.3800000,412.6400000,413.4700000,3382
GDAX.ETH-USD,60,20200819,140000,413.4700000,413.8200000,408.9100000,412.5600000,2435
GDAX.ETH-USD,60,20200819,150000,412.5600000,415.8800000,410.6800000,413.2200000,3653
GDAX.ETH-USD,60,20200819,160000,413.1900000,414.4000000,411.2500000,412.4600000,3958
GDAX.ETH-USD,60,20200819,170000,412.4600000,415.7100000,410.0100000,412.8600000,5749
GDAX.ETH-USD,60,20200819,180000,412.7500000,414.5300000,408.0000000,408.9200000,6043
GDAX.ETH-USD,60,20200819,190000,408.8300000,411.9800000,406.1900000,409.9700000,8678
GDAX.ETH-USD,60,20200819,200000,410.0200000,412.2000000,401.3200000,407.6300000,15997
GDAX.ETH-USD,60,20200819,210000,407.6400000,408.8900000,403.9800000,408.3500000,8881
GDAX.ETH-USD,60,20200819,220000,408.3600000,408.4600000,400.0000000,404.5500000,15177
GDAX.ETH-USD,60,20200819,230000,404.5500000,405.4100000,395.0600000,395.9300000,20127
GDAX.ETH-USD,60,20200820,000000,395.9400000,404.3300000,393.7500000,404.3300000,17496
GDAX.ETH-USD,60,20200820,010000,404.2900000,409.1400000,403.0400000,405.4800000,6340
GDAX.ETH-USD,60,20200820,020000,405.5000000,411.0900000,404.5400000,407.3700000,10109
GDAX.ETH-USD,60,20200820,030000,407.3800000,412.6800000,405.3000000,407.5900000,11249
GDAX.ETH-USD,60,20200820,040000,407.6000000,415.6700000,407.5900000,411.7900000,11261
GDAX.ETH-USD,60,20200820,050000,412.0000000,414.0000000,410.2300000,410.4100000,3835
GDAX.ETH-USD,60,20200820,060000,410.3400000,411.3200000,406.6000000,408.1600000,3691
GDAX.ETH-USD,60,20200820,070000,408.3000000,409.9500000,406.6900000,407.2300000,3792
GDAX.ETH-USD,60,20200820,080000,407.2300000,408.6500000,404.1600000,405.2900000,5241
GDAX.ETH-USD,60,20200820,090000,405.2800000,405.2800000,402.7300000,404.4300000,3308
GDAX.ETH-USD,60,20200820,100000,404.3300000,409.4100000,402.3000000,407.9200000,5132
GDAX.ETH-USD,60,20200820,110000,407.9300000,408.2400000,403.3100000,404.2500000,2932
GDAX.ETH-USD,60,20200820,120000,404.3300000,407.4300000,403.5900000,407.4300000,3896
GDAX.ETH-USD,60,20200820,130000,407.4300000,411.2500000,406.5900000,409.7600000,2348
GDAX.ETH-USD,60,20200820,140000,409.6900000,410.4000000,407.5100000,409.5600000,2367
GDAX.ETH-USD,60,20200820,150000,409.5600000,412.0100000,406.4700000,411.4700000,4004
GDAX.ETH-USD,60,20200820,160000,411.6800000,412.0400000,409.0500000,409.2900000,3656
GDAX.ETH-USD,60,20200820,170000,409.3000000,412.6800000,408.6100000,412.5700000,4607
GDAX.ETH-USD,60,20200820,180000,412.5700000,415.2100000,410.8400000,414.8800000,7889
GDAX.ETH-USD,60,20200820,190000,414.8900000,416.2100000,413.0400000,415.6800000,11744
GDAX.ETH-USD,60,20200820,200000,415.8800000,418.4800000,414.0800000,416.4200000,12273
GDAX.ETH-USD,60,20200820,210000,416.4100000,417.7100000,413.9400000,414.1500000,6924
GDAX.ETH-USD,60,20200820,220000,414.2300000,417.2600000,414.1000000,416.8300000,10596
GDAX.ETH-USD,60,20200820,230000,416.8200000,417.7800000,414.3600000,414.7000000,10762
GDAX.ETH-USD,60,20200821,000000,414.7000000,417.4300000,414.6700000,416.2700000,9132
GDAX.ETH-USD,60,20200821,010000,416.1100000,419.5800000,415.1300000,416.7700000,6707
GDAX.ETH-USD,60,20200821,020000,416.7500000,417.7200000,414.2800000,414.7300000,3707
GDAX.ETH-USD,60,20200821,030000,414.8300000,417.4400000,414.2800000,415.9200000,6738
GDAX.ETH-USD,60,20200821,040000,415.9200000,418.9200000,413.4800000,415.4800000,8662
GDAX.ETH-USD,60,20200821,050000,415.4800000,415.5100000,410.2200000,411.8300000,5560
GDAX.ETH-USD,60,20200821,060000,411.8600000,413.4700000,410.1000000,410.6300000,10397
GDAX.ETH-USD,60,20200821,070000,410.6200000,416.2700000,409.6100000,416.0700000,11987
GDAX.ETH-USD,60,20200821,080000,416.0700000,417.1100000,413.5800000,415.2800000,7216
GDAX.ETH-USD,60,20200821,090000,415.1100000,416.1400000,413.2800000,414.0500000,3772
GDAX.ETH-USD,60,20200821,100000,413.9900000,414.3700000,412.7700000,413.0700000,3769
GDAX.ETH-USD,60,20200821,110000,413.0300000,414.6500000,411.8000000,412.7800000,3955
GDAX.ETH-USD,60,20200821,120000,412.7800000,412.7800000,409.0100000,411.6800000,3502
GDAX.ETH-USD,60,20200821,130000,411.6300000,412.2300000,408.3600000,408.5700000,2244
GDAX.ETH-USD,60,20200821,140000,408.6600000,409.2300000,405.2100000,408.2500000,7497
GDAX.ETH-USD,60,20200821,150000,408.2500000,408.9100000,404.0000000,405.5900000,7197
GDAX.ETH-USD,60,20200821,160000,405.5900000,407.9400000,399.1500000,406.9600000,12636
GDAX.ETH-USD,60,20200821,170000,406.9700000,407.8000000,401.8400000,401.9500000,6079
GDAX.ETH-USD,60,20200821,180000,401.9600000,406.9200000,400.8900000,405.4000000,8808
GDAX.ETH-USD,60,20200821,190000,405.4100000,407.3300000,403.1600000,404.3600000,5307
GDAX.ETH-USD,60,20200821,200000,404.3000000,406.8100000,401.0300000,401.2000000,6990
GDAX.ETH-USD,60,20200821,210000,401.0300000,406.6700000,399.5000000,403.2000000,12799
GDAX.ETH-USD,60,20200821,220000,403.2200000,403.5100000,394.2600000,398.0300000,15941
GDAX.ETH-USD,60,20200821,230000,398.1100000,401.7800000,397.5300000,397.7000000,8491
GDAX.ETH-USD,60,20200822,000000,397.7400000,401.6200000,393.4500000,395.0800000,9008
GDAX.ETH-USD,60,20200822,010000,395.0700000,396.3100000,385.0000000,388.4800000,23121
GDAX.ETH-USD,60,20200822,020000,388.4500000,396.9800000,387.3500000,389.4300000,22204
GDAX.ETH-USD,60,20200822,030000,389.3700000,391.9700000,385.1900000,388.0500000,11234
GDAX.ETH-USD,60,20200822,040000,388.0000000,388.2700000,380.0000000,381.3000000,26793
GDAX.ETH-USD,60,20200822,050000,381.3100000,385.4600000,379.5300000,385.0100000,10419
GDAX.ETH-USD,60,20200822,060000,385.1000000,387.2600000,383.4400000,385.0500000,8327
GDAX.ETH-USD,60,20200822,070000,385.0700000,386.8400000,381.9200000,385.4000000,7172
GDAX.ETH-USD,60,20200822,080000,385.3900000,385.3900000,380.2900000,381.9700000,6994
GDAX.ETH-USD,60,20200822,090000,381.9700000,386.3000000,381.9700000,386.0100000,3749
GDAX.ETH-USD,60,20200822,100000,386.0600000,391.9900000,386.0600000,391.9900000,6758
GDAX.ETH-USD,60,20200822,110000,391.9900000,392.4200000,389.6600000,391.0500000,2862
GDAX.ETH-USD,60,20200822,120000,391.0400000,394.8400000,390.0400000,392.4900000,2237
GDAX.ETH-USD,60,20200822,130000,392.5500000,392.8300000,390.3100000,392.1700000,1274
GDAX.ETH-USD,60,20200822,140000,392.3400000,394.0500000,390.6600000,391.2600000,3062
GDAX.ETH-USD,60,20200822,150000,391.3400000,391.4800000,386.4400000,390.1600000,3180
GDAX.ETH-USD,60,20200822,160000,390.1900000,393.6200000,389.8600000,392.0400000,4736
GDAX.ETH-USD,60,20200822,170000,392.0400000,392.9300000,389.2900000,391.5100000,3855
GDAX.ETH-USD,60,20200822,180000,391.5100000,392.9200000,386.5700000,391.7500000,5266
GDAX.ETH-USD,60,20200822,190000,391.8500000,394.0200000,390.3100000,390.6100000,6387
GDAX.ETH-USD,60,20200822,200000,390.5500000,391.5700000,388.6200000,390.6000000,3912
GDAX.ETH-USD,60,20200822,210000,390.5600000,391.5800000,388.8500000,390.9500000,4455
GDAX.ETH-USD,60,20200822,220000,391.0200000,391.8900000,390.2600000,390.7900000,2584
GDAX.ETH-USD,60,20200822,230000,390.8400000,391.0200000,388.8400000,389.2000000,3337
GDAX.ETH-USD,60,20200823,000000,389.2100000,389.4900000,387.5000000,388.8900000,3331
GDAX.ETH-USD,60,20200823,010000,388.9600000,395.2200000,388.7300000,394.1400000,7841
GDAX.ETH-USD,60,20200823,020000,394.1900000,397.5300000,392.1000000,393.3800000,8665
GDAX.ETH-USD,60,20200823,030000,393.3300000,399.7300000,392.5900000,395.6200000,8266
GDAX.ETH-USD,60,20200823,040000,395.5200000,400.0000000,392.2000000,393.4500000,8657
GDAX.ETH-USD,60,20200823,050000,393.5100000,394.1600000,392.0200000,393.5700000,3448
GDAX.ETH-USD,60,20200823,060000,393.6200000,394.0400000,390.8700000,391.2400000,4719
GDAX.ETH-USD,60,20200823,070000,391.2400000,392.0900000,389.1400000,390.2700000,1898
GDAX.ETH-USD,60,20200823,080000,390.0400000,390.3800000,388.6600000,389.2700000,2196
GDAX.ETH-USD,60,20200823,090000,389.2300000,389.9000000,387.7200000,389.1000000,2063
GDAX.ETH-USD,60,20200823,100000,389.1100000,392.6100000,388.7400000,391.7000000,2222
GDAX.ETH-USD,60,20200823,110000,391.7000000,392.4500000,390.6700000,391.1300000,1208
GDAX.ETH-USD,60,20200823,120000,391.1300000,391.5700000,388.9000000,389.2900000,2027
GDAX.ETH-USD,60,20200823,130000,389.2600000,390.9100000,388.6900000,389.9800000,1127
GDAX.ETH-USD,60,20200823,140000,389.9700000,389.9700000,385.7200000,386.4200000,1524
GDAX.ETH-USD,60,20200823,150000,386.6500000,388.3600000,383.7000000,384.1500000,3413
GDAX.ETH-USD,60,20200823,160000,384.1800000,387.5000000,383.6700000,387.2500000,2549
GDAX.ETH-USD,60,20200823,170000,387.2800000,393.0500000,385.7500000,388.9500000,7575
GDAX.ETH-USD,60,20200823,180000,389.0200000,390.2900000,388.2000000,389.7800000,3337
GDAX.ETH-USD,60,20200823,190000,389.8900000,393.1300000,389.4900000,392.7500000,2373
GDAX.ETH-USD,60,20200823,200000,392.7400000,392.9800000,389.4000000,390.0700000,3134
GDAX.ETH-USD,60,20200823,210000,390.0800000,391.2900000,389.0100000,390.1200000,3242
GDAX.ETH-USD,60,20200823,220000,390.1400000,392.7000000,389.5200000,392.1200000,5136
GDAX.ETH-USD,60,20200823,230000,391.9400000,394.7400000,390.7700000,394.0000000,5002
GDAX.ETH-USD,60,20200824,000000,394.0000000,396.1600000,392.6000000,392.8900000,6241
GDAX.ETH-USD,60,20200824,010000,392.9100000,393.6100000,392.0800000,393.5500000,2479
GDAX.ETH-USD,60,20200824,020000,393.5400000,393.9700000,390.7200000,391.2900000,2200
GDAX.ETH-USD,60,20200824,030000,391.3400000,392.8900000,390.4600000,390.9000000,2159
GDAX.ETH-USD,60,20200824,040000,390.7800000,391.0000000,387.7200000,389.9800000,6588
GDAX.ETH-USD,60,20200824,050000,390.1400000,390.5300000,388.3200000,389.7800000,3574
GDAX.ETH-USD,60,20200824,060000,389.5900000,392.6800000,389.3700000,391.1500000,3585
GDAX.ETH-USD,60,20200824,070000,391.1400000,394.0000000,391.1300000,393.2500000,3537
GDAX.ETH-USD,60,20200824,080000,393.2500000,393.8100000,391.4600000,392.5900000,2569
GDAX.ETH-USD,60,20200824,090000,392.5900000,393.0800000,391.7700000,392.6900000,2282
GDAX.ETH-USD,60,20200824,100000,392.7000000,396.2600000,392.0400000,396.0800000,2576
GDAX.ETH-USD,60,20200824,110000,396.1700000,398.9900000,396.1700000,398.4500000,4888
GDAX.ETH-USD,60,20200824,120000,398.4500000,407.5900000,398.4500000,405.0200000,11437
GDAX.ETH-USD,60,20200824,130000,405.0600000,405.8800000,403.6000000,405.1800000,3437
GDAX.ETH-USD,60,20200824,140000,405.2500000,406.5200000,403.9700000,405.3700000,7386
GDAX.ETH-USD,60,20200824,150000,405.3700000,408.6900000,405.3700000,406.8000000,11504
GDAX.ETH-USD,60,20200824,160000,406.9100000,408.8000000,405.5000000,405.5400000,7002
GDAX.ETH-USD,60,20200824,170000,405.5500000,408.2600000,405.5500000,405.7100000,7281
GDAX.ETH-USD,60,20200824,180000,405.7100000,406.7500000,402.1000000,402.2800000,7803
GDAX.ETH-USD,60,20200824,190000,402.2400000,403.9800000,400.9100000,403.1000000,4916
GDAX.ETH-USD,60,20200824,200000,403.1100000,405.6100000,401.8300000,404.5000000,3991
GDAX.ETH-USD,60,20200824,210000,404.5700000,404.8600000,402.5300000,403.1700000,5601
GDAX.ETH-USD,60,20200824,220000,403.1600000,404.2600000,400.1700000,401.8300000,4344
GDAX.ETH-USD,60,20200824,230000,401.8200000,403.9000000,397.0600000,403.3400000,7320
GDAX.ETH-USD,60,20200825,000000,403.4500000,403.9400000,400.7200000,401.3500000,3914
GDAX.ETH-USD,60,20200825,010000,401.3300000,411.9700000,400.8100000,406.7900000,26909
GDAX.ETH-USD,60,20200825,020000,406.8000000,408.2200000,405.4300000,406.7900000,4108
GDAX.ETH-USD,60,20200825,030000,406.8300000,410.4000000,405.9500000,407.7600000,6961
GDAX.ETH-USD,60,20200825,040000,407.7600000,409.3100000,404.7900000,405.5600000,9177
GDAX.ETH-USD,60,20200825,050000,405.5700000,406.9600000,404.9900000,406.2300000,2582
GDAX.ETH-USD,60,20200825,060000,406.2300000,406.2300000,400.8000000,401.2800000,4642
GDAX.ETH-USD,60,20200825,070000,401.2900000,402.8400000,400.5200000,401.5200000,4265
GDAX.ETH-USD,60,20200825,080000,401.4100000,402.4900000,400.0100000,402.0600000,2394
GDAX.ETH-USD,60,20200825,090000,401.9600000,403.1500000,400.3800000,400.5100000,2237
GDAX.ETH-USD,60,20200825,100000,400.5000000,400.7700000,396.3000000,397.1000000,4833
GDAX.ETH-USD,60,20200825,110000,397.1000000,397.1000000,392.0000000,395.1500000,3941
GDAX.ETH-USD,60,20200825,120000,395.1500000,395.3300000,389.8900000,393.8100000,5515
GDAX.ETH-USD,60,20200825,130000,393.7200000,395.7600000,393.2000000,395.1600000,4314
GDAX.ETH-USD,60,20200825,140000,395.1500000,399.7000000,393.9700000,397.7400000,2980
GDAX.ETH-USD,60,20200825,150000,397.8000000,398.4400000,395.0000000,395.1400000,5257
GDAX.ETH-USD,60,20200825,160000,395.0400000,395.0400000,387.5500000,389.2700000,7904
GDAX.ETH-USD,60,20200825,170000,389.2800000,391.8600000,387.8600000,389.8500000,5983
GDAX.ETH-USD,60,20200825,180000,389.7200000,389.7300000,381.6400000,384.1700000,15901
GDAX.ETH-USD,60,20200825,190000,384.2900000,386.2700000,380.2900000,385.7300000,13396
GDAX.ETH-USD,60,20200825,200000,385.7300000,386.8900000,371.5000000,375.2200000,19181
GDAX.ETH-USD,60,20200825,210000,375.4500000,376.8400000,369.3600000,373.7100000,24596
GDAX.ETH-USD,60,20200825,220000,373.3800000,381.6800000,370.0000000,380.2600000,16260
GDAX.ETH-USD,60,20200825,230000,380.3300000,382.7700000,377.8800000,379.6000000,8245
GDAX.ETH-USD,60,20200826,000000,379.7400000,381.7400000,376.0000000,377.6100000,9301
GDAX.ETH-USD,60,20200826,010000,377.6100000,381.1200000,377.6100000,378.9500000,6205
GDAX.ETH-USD,60,20200826,020000,378.9600000,384.7700000,378.8100000,382.9100000,6041
GDAX.ETH-USD,60,20200826,030000,382.9000000,385.0000000,381.5500000,383.3300000,4425
GDAX.ETH-USD,60,20200826,040000,383.2600000,383.2900000,377.8400000,379.4900000,4055
GDAX.ETH-USD,60,20200826,050000,379.3800000,384.3700000,379.3800000,382.5100000,3364
GDAX.ETH-USD,60,20200826,060000,382.5500000,387.9100000,382.5500000,387.2900000,5424
GDAX.ETH-USD,60,20200826,070000,387.2300000,388.0000000,383.7600000,386.2800000,4323
GDAX.ETH-USD,60,20200826,080000,386.2800000,387.6600000,384.7800000,385.0700000,3559
GDAX.ETH-USD,60,20200826,090000,385.0700000,387.4000000,385.0500000,385.2400000,3324
GDAX.ETH-USD,60,20200826,100000,385.3600000,385.5000000,380.1300000,380.7500000,5979
GDAX.ETH-USD,60,20200826,110000,380.7500000,383.1300000,379.3700000,381.3800000,3745
GDAX.ETH-USD,60,20200826,120000,381.4300000,384.0300000,380.2100000,382.2200000,2070
GDAX.ETH-USD,60,20200826,130000,382.3200000,383.5400000,380.9100000,381.6400000,3419
GDAX.ETH-USD,60,20200826,140000,381.5100000,385.7400000,381.5000000,382.6200000,3519
GDAX.ETH-USD,60,20200826,150000,382.6700000,385.3700000,382.0700000,382.3000000,7248
GDAX.ETH-USD,60,20200826,160000,382.5800000,385.0000000,377.6400000,379.7500000,5742
GDAX.ETH-USD,60,20200826,170000,379.7600000,385.7400000,377.5600000,384.4500000,10379
GDAX.ETH-USD,60,20200826,180000,384.5300000,389.6800000,384.4600000,386.6300000,12161
GDAX.ETH-USD,60,20200826,190000,386.6000000,390.6700000,386.6000000,390.2800000,8771
GDAX.ETH-USD,60,20200826,200000,390.2800000,393.5000000,387.5400000,389.0600000,14319
GDAX.ETH-USD,60,20200826,210000,389.0400000,390.0700000,388.0000000,388.5900000,5488
GDAX.ETH-USD,60,20200826,220000,388.5800000,390.3200000,387.4700000,387.6900000,3528
GDAX.ETH-USD,60,20200826,230000,387.6900000,388.7600000,386.5000000,387.3200000,4044
GDAX.ETH-USD,60,20200827,000000,387.3600000,389.9400000,387.1100000,389.9000000,2560
GDAX.ETH-USD,60,20200827,010000,389.9000000,390.6600000,387.7600000,388.2100000,5646
GDAX.ETH-USD,60,20200827,020000,388.2100000,388.6500000,385.4200000,386.1100000,5099
GDAX.ETH-USD,60,20200827,030000,386.0400000,387.4700000,385.4400000,386.1000000,3668
GDAX.ETH-USD,60,20200827,040000,386.1200000,389.2900000,385.6300000,388.3800000,3423
GDAX.ETH-USD,60,20200827,050000,388.3900000,388.6500000,385.4300000,385.6900000,2461
GDAX.ETH-USD,60,20200827,060000,385.4500000,386.5400000,382.8700000,383.5400000,5249
GDAX.ETH-USD,60,20200827,070000,383.5400000,385.3700000,383.4300000,384.2900000,2659
GDAX.ETH-USD,60,20200827,080000,384.1500000,385.7400000,383.0300000,383.0300000,2406
GDAX.ETH-USD,60,20200827,090000,383.0200000,383.9900000,380.3700000,381.5900000,3284
GDAX.ETH-USD,60,20200827,100000,381.3900000,386.0700000,381.2900000,385.2000000,2899
GDAX.ETH-USD,60,20200827,110000,385.1300000,386.6900000,384.3600000,385.8600000,1622
GDAX.ETH-USD,60,20200827,120000,385.8500000,385.8600000,383.4800000,383.5700000,1430
GDAX.ETH-USD,60,20200827,130000,383.5700000,387.8300000,382.7500000,387.0700000,1750
GDAX.ETH-USD,60,20200827,140000,387.0400000,387.9700000,383.2300000,383.9700000,2504
GDAX.ETH-USD,60,20200827,150000,384.0400000,385.3100000,382.1300000,382.1400000,2861
GDAX.ETH-USD,60,20200827,160000,382.1300000,386.6600000,381.0700000,385.5500000,4328
GDAX.ETH-USD,60,20200827,170000,385.5600000,397.1500000,384.6700000,388.7100000,18065
GDAX.ETH-USD,60,20200827,180000,388.7000000,389.8900000,381.5200000,383.3300000,6731
GDAX.ETH-USD,60,20200827,190000,383.0400000,385.0800000,382.7200000,383.9400000,3436
GDAX.ETH-USD,60,20200827,200000,383.9400000,386.8500000,377.3100000,378.1100000,6154
GDAX.ETH-USD,60,20200827,210000,378.1100000,378.6600000,371.5000000,377.0200000,14797
GDAX.ETH-USD,60,20200827,220000,376.8500000,383.0400000,375.9100000,380.7200000,8865
GDAX.ETH-USD,60,20200827,230000,380.7000000,380.7000000,377.5600000,377.9300000,4608
GDAX.ETH-USD,60,20200828,000000,377.9300000,382.2000000,376.8800000,379.7100000,9783
GDAX.ETH-USD,60,20200828,010000,379.7300000,382.7100000,378.7900000,382.4400000,4153
GDAX.ETH-USD,60,20200828,020000,382.6400000,383.4400000,378.9100000,378.9800000,3252
GDAX.ETH-USD,60,20200828,030000,379.1300000,383.7300000,379.0300000,383.2500000,5159
GDAX.ETH-USD,60,20200828,040000,383.2700000,383.9300000,379.6700000,383.9300000,5260
GDAX.ETH-USD,60,20200828,050000,383.9300000,387.4600000,383.4300000,386.8800000,5991
GDAX.ETH-USD,60,20200828,060000,386.9500000,387.5600000,385.0900000,385.8800000,4396
GDAX.ETH-USD,60,20200828,070000,385.8700000,388.6200000,385.6400000,387.3500000,4907
GDAX.ETH-USD,60,20200828,080000,387.3600000,388.4800000,386.3700000,388.2000000,2972
GDAX.ETH-USD,60,20200828,090000,388.2000000,389.1800000,386.6200000,388.6000000,2340
GDAX.ETH-USD,60,20200828,100000,388.5600000,391.9400000,387.2800000,391.1700000,3254
GDAX.ETH-USD,60,20200828,110000,391.1500000,391.6400000,386.7600000,387.4100000,3870
GDAX.ETH-USD,60,20200828,120000,387.4200000,389.1000000,386.3200000,387.5800000,2231
GDAX.ETH-USD,60,20200828,130000,387.5700000,392.4400000,387.5200000,391.9500000,4903
GDAX.ETH-USD,60,20200828,140000,391.9800000,392.5200000,389.4500000,391.5100000,5182
GDAX.ETH-USD,60,20200828,150000,391.6200000,394.4000000,390.3400000,393.8100000,4928
GDAX.ETH-USD,60,20200828,160000,393.8700000,394.2200000,390.2600000,391.3200000,6984
GDAX.ETH-USD,60,20200828,170000,391.3200000,392.4500000,390.6100000,392.4500000,4095
GDAX.ETH-USD,60,20200828,180000,392.4600000,393.6200000,390.0900000,391.7500000,3862
GDAX.ETH-USD,60,20200828,190000,391.7200000,396.9600000,391.7200000,396.2900000,9348
GDAX.ETH-USD,60,20200828,200000,396.2900000,398.1600000,395.1600000,395.7700000,7618
GDAX.ETH-USD,60,20200828,210000,395.7500000,396.8100000,393.0000000,393.7200000,6122
GDAX.ETH-USD,60,20200828,220000,393.6600000,395.8400000,393.2300000,394.8500000,4129
GDAX.ETH-USD,60,20200828,230000,394.8500000,397.9900000,394.6600000,396.1800000,4043
GDAX.ETH-USD,60,20200829,000000,396.1600000,396.1600000,393.7300000,393.8000000,12470
GDAX.ETH-USD,60,20200829,010000,393.8000000,395.0000000,393.0100000,394.4800000,6053
GDAX.ETH-USD,60,20200829,020000,394.4800000,394.9400000,390.9100000,392.3100000,5596
GDAX.ETH-USD,60,20200829,030000,392.2700000,396.4400000,392.1600000,395.4700000,3203
GDAX.ETH-USD,60,20200829,040000,395.3500000,396.1500000,392.6500000,393.8600000,2442
GDAX.ETH-USD,60,20200829,050000,393.8700000,394.3100000,392.7800000,393.4000000,1794
GDAX.ETH-USD,60,20200829,060000,393.3900000,394.3900000,392.3400000,393.3100000,1806
GDAX.ETH-USD,60,20200829,070000,393.1700000,395.5300000,392.5400000,394.6500000,1619
GDAX.ETH-USD,60,20200829,080000,394.6600000,395.6700000,393.6100000,395.0400000,3430
GDAX.ETH-USD,60,20200829,090000,395.0400000,397.0000000,394.6500000,396.0400000,1929
GDAX.ETH-USD,60,20200829,100000,396.0500000,399.9800000,396.0500000,399.2300000,3500
GDAX.ETH-USD,60,20200829,110000,399.2300000,404.2200000,398.3800000,403.5400000,5326
GDAX.ETH-USD,60,20200829,120000,403.6000000,404.3000000,401.4900000,402.4500000,2712
GDAX.ETH-USD,60,20200829,130000,402.3500000,404.1500000,401.3600000,403.1800000,2006
GDAX.ETH-USD,60,20200829,140000,403.1800000,403.5900000,397.5900000,397.5900000,3186
GDAX.ETH-USD,60,20200829,150000,397.5000000,399.3000000,396.4200000,397.9800000,2955
GDAX.ETH-USD,60,20200829,160000,397.9300000,399.9200000,397.6200000,398.8200000,2503
GDAX.ETH-USD,60,20200829,170000,398.8300000,399.3800000,395.7900000,396.3100000,3944
GDAX.ETH-USD,60,20200829,180000,396.3000000,399.6900000,396.1700000,399.5800000,2826
GDAX.ETH-USD,60,20200829,190000,399.5900000,402.8800000,398.9000000,402.5000000,5530
GDAX.ETH-USD,60,20200829,200000,402.6300000,403.4600000,400.8200000,402.4200000,3797
GDAX.ETH-USD,60,20200829,210000,402.4100000,404.3600000,401.6000000,401.8000000,6429
GDAX.ETH-USD,60,20200829,220000,401.7900000,404.9200000,401.7900000,403.7100000,5314
GDAX.ETH-USD,60,20200829,230000,403.7800000,405.8200000,402.5000000,403.0600000,5073
GDAX.ETH-USD,60,20200830,000000,403.0700000,405.3400000,403.0000000,405.2100000,2438
GDAX.ETH-USD,60,20200830,010000,405.2100000,405.6800000,403.2800000,404.6800000,2415
GDAX.ETH-USD,60,20200830,020000,404.6800000,405.1500000,400.0000000,400.6800000,9621
GDAX.ETH-USD,60,20200830,030000,400.4800000,402.8500000,397.3600000,398.5800000,7381
GDAX.ETH-USD,60,20200830,040000,398.5700000,401.7600000,398.2400000,401.3100000,2826
GDAX.ETH-USD,60,20200830,050000,401.3100000,406.9400000,400.8900000,406.2500000,8374
GDAX.ETH-USD,60,20200830,060000,406.2500000,406.6500000,404.2300000,405.5700000,4312
GDAX.ETH-USD,60,20200830,070000,405.5700000,406.0000000,403.5700000,405.1400000,4905
GDAX.ETH-USD,60,20200830,080000,405.1600000,405.5800000,403.4400000,403.9200000,4196
GDAX.ETH-USD,60,20200830,090000,403.8800000,404.7400000,402.9100000,403.7700000,4203
GDAX.ETH-USD,60,20200830,100000,403.7900000,405.4300000,403.2400000,404.1600000,2089
GDAX.ETH-USD,60,20200830,110000,404.1700000,406.0000000,403.8200000,405.3700000,2319
GDAX.ETH-USD,60,20200830,120000,405.3700000,406.5800000,402.7600000,403.2700000,4369
GDAX.ETH-USD,60,20200830,130000,403.2700000,405.7900000,402.9500000,404.9100000,1739
GDAX.ETH-USD,60,20200830,140000,404.9300000,404.9900000,403.2600000,403.2600000,1360
GDAX.ETH-USD,60,20200830,150000,403.4000000,407.0000000,403.2800000,406.7700000,3126
GDAX.ETH-USD,60,20200830,160000,406.6900000,408.0000000,404.6200000,407.1000000,11779
GDAX.ETH-USD,60,20200830,170000,407.1600000,414.8800000,407.1400000,413.7800000,26754
GDAX.ETH-USD,60,20200830,180000,413.8100000,415.9900000,411.8100000,414.6000000,9627
GDAX.ETH-USD,60,20200830,190000,414.7900000,418.6800000,413.8000000,416.7300000,9993
GDAX.ETH-USD,60,20200830,200000,416.7700000,424.4300000,415.0500000,423.3900000,13284
GDAX.ETH-USD,60,20200830,210000,423.3200000,425.5000000,422.3300000,423.9600000,9120
GDAX.ETH-USD,60,20200830,220000,423.9200000,427.0100000,422.6700000,426.8500000,8204
GDAX.ETH-USD,60,20200830,230000,426.8900000,427.8800000,424.3900000,425.0000000,8464
GDAX.ETH-USD,60,20200831,000000,425.0000000,426.3900000,420.4900000,423.1600000,9730
GDAX.ETH-USD,60,20200831,010000,423.0800000,424.8700000,420.4200000,421.7400000,4470
GDAX.ETH-USD,60,20200831,020000,421.7300000,424.3600000,421.1300000,423.9400000,4297
GDAX.ETH-USD,60,20200831,030000,423.9300000,429.9000000,423.7100000,428.9400000,10852
GDAX.ETH-USD,60,20200831,040000,428.9200000,430.5500000,425.7900000,426.3400000,10538
GDAX.ETH-USD,60,20200831,050000,426.3400000,427.6400000,424.1100000,426.8700000,4937
GDAX.ETH-USD,60,20200831,060000,426.8100000,427.7700000,425.2200000,425.4100000,3210
GDAX.ETH-USD,60,20200831,070000,425.5000000,426.5000000,424.2500000,425.0600000,4273
GDAX.ETH-USD,60,20200831,080000,425.0600000,427.7800000,424.3400000,424.5900000,5116
GDAX.ETH-USD,60,20200831,090000,424.5800000,425.8400000,422.1800000,422.8700000,3850
GDAX.ETH-USD,60,20200831,100000,422.8600000,424.1400000,420.0000000,424.0500000,3880
GDAX.ETH-USD,60,20200831,110000,424.1100000,424.1100000,418.1600000,421.0000000,4256
GDAX.ETH-USD,60,20200831,120000,421.0000000,421.6000000,418.2200000,420.2900000,5984
GDAX.ETH-USD,60,20200831,130000,420.1400000,423.7000000,419.3100000,421.8200000,5702
GDAX.ETH-USD,60,20200831,140000,421.7200000,427.7700000,421.0000000,426.4600000,4325
GDAX.ETH-USD,60,20200831,150000,426.5800000,434.7200000,426.2000000,432.3500000,8666
GDAX.ETH-USD,60,20200831,160000,432.5400000,438.1800000,430.8700000,436.4100000,12280
GDAX.ETH-USD,60,20200831,170000,436.4100000,439.0000000,433.0500000,434.2000000,10937
GDAX.ETH-USD,60,20200831,180000,434.2000000,435.9400000,431.0000000,435.3400000,8492
GDAX.ETH-USD,60,20200831,190000,435.3500000,435.6900000,432.0100000,434.3800000,6320
GDAX.ETH-USD,60,20200831,200000,434.4600000,435.9500000,432.4700000,432.9100000,5192
GDAX.ETH-USD,60,20200831,210000,432.9100000,434.7200000,431.5100000,434.1500000,6075
GDAX.ETH-USD,60,20200831,220000,434.1500000,438.9000000,433.5800000,437.0100000,7164
GDAX.ETH-USD,60,20200831,230000,437.0000000,438.6800000,435.1100000,436.9300000,6463
GDAX.ETH-USD,60,20200901,000000,436.7400000,438.4400000,428.6500000,432.2400000,15212
GDAX.ETH-USD,60,20200901,010000,432.2400000,434.8700000,430.2300000,430.9800000,4637
GDAX.ETH-USD,60,20200901,020000,430.9800000,437.7200000,430.1100000,435.4100000,11931
GDAX.ETH-USD,60,20200901,030000,435.3900000,437.9800000,433.7600000,433.8900000,9186
GDAX.ETH-USD,60,20200901,040000,433.8800000,435.6400000,429.6600000,433.3100000,8326
GDAX.ETH-USD,60,20200901,050000,433.3100000,437.0000000,432.9200000,436.3100000,5033
GDAX.ETH-USD,60,20200901,060000,436.3100000,437.4500000,435.0000000,436.9900000,3864
GDAX.ETH-USD,60,20200901,070000,436.9900000,444.5900000,436.2300000,443.7500000,19189
GDAX.ETH-USD,60,20200901,080000,443.7500000,447.6000000,442.2500000,445.5200000,10592
GDAX.ETH-USD,60,20200901,090000,445.5000000,455.7700000,443.3100000,455.7600000,16023
GDAX.ETH-USD,60,20200901,100000,455.7600000,466.6200000,454.7700000,463.8000000,23391
GDAX.ETH-USD,60,20200901,110000,463.7900000,466.0000000,458.4300000,463.6300000,9752
GDAX.ETH-USD,60,20200901,120000,463.6300000,464.0900000,457.9500000,461.4000000,10727
GDAX.ETH-USD,60,20200901,130000,461.2300000,472.6500000,459.6200000,471.0600000,20586
GDAX.ETH-USD,60,20200901,140000,470.7000000,473.5300000,467.9100000,471.3300000,12241
GDAX.ETH-USD,60,20200901,150000,471.3200000,471.7400000,465.5400000,469.1700000,11038
GDAX.ETH-USD,60,20200901,160000,469.1700000,471.9000000,466.6800000,470.1900000,11552
GDAX.ETH-USD,60,20200901,170000,470.1900000,471.3000000,467.9500000,468.9600000,9441
GDAX.ETH-USD,60,20200901,180000,468.9600000,473.0100000,461.2100000,473.0100000,22719
GDAX.ETH-USD,60,20200901,190000,472.9500000,486.0000000,472.7000000,482.2500000,33571
GDAX.ETH-USD,60,20200901,200000,482.2500000,483.7500000,475.0100000,478.8100000,13912
GDAX.ETH-USD,60,20200901,210000,478.7800000,481.0400000,474.1600000,475.4900000,12197
GDAX.ETH-USD,60,20200901,220000,475.4200000,479.5700000,475.0900000,478.4400000,10063
GDAX.ETH-USD,60,20200901,230000,478.4700000,480.0000000,475.2500000,476.2300000,19864
GDAX.ETH-USD,60,20200902,000000,476.2100000,483.0100000,475.9000000,482.2200000,11111
GDAX.ETH-USD,60,20200902,010000,482.2200000,482.2200000,480.7700000,481.0500000,105
